What is your age group?,"What is your current year of study?
","How well do you understand what mental health means?
",What do you think mental health is related to?,"Do you think mental health is as important as physical health?
","Do you think anyone can experience mental-health difficulties?
","Do you know where a student can get help if they are facing emotional or mental difficulties?
","If you are feeling emotionally upset or stressed, would you talk to someone?
","Who would you feel comfortable talking to when you have a problem?
","What makes it difficult for students to talk about their mental health?
","Do you think students need more mental-health awareness in college/school?
",How often do you feel overwhelmed by your daily responsibilities?,"How often do you feel emotionally tired?
","How supported do you feel by the people around you?
","What usually helps you when you are having a difficult day?
","How much academic pressure do you usually feel?
","How many hours do you usually sleep per night?
","Approximately how much screen time do you have per day?
","How often do you participate in physical activity or exercise?
","In your own words, what does good mental health mean to you?
","What do you wish parents or teachers understood better about students' mental health?
","What do you think students need to improve mental-health awareness?
"
19-21,Third Year,5,Emotions;Thoughts and feelings;Relationships with others,Yes,Yes,No,No,No one,Fear of being judged;Family may not understand;Don't know whom to talk to,Yes,2,3,2,Listening to music;Rest/sleep;Spending time with friends/family,5,6–7 hours,4–6 hours,Never,the stress get from study,yes,yes they need it
22-24,Third Year,4,Thoughts and feelings;How we handle problems;Relationships with others,Yes,Yes,Yes,Yes,Parents/Family;Friend,Fear of being judged;Family may not understand;Nothing makes it difficult,Yes,4,2,3,Talking to someone;Taking a break;Listening to music,5,5–6 hours,6–8 hours,Rarely,,,
19-21,Third Year,4,Emotions;Thoughts and feelings;Relationships with others,Yes,Yes,No,No,Friend,Family may not understand;I don't think it is important,Yes,3,2,3,Talking to someone;Listening to music;Hobbies;Rest/sleep,3,5–6 hours,Less than 2 hours,Rarely,Keep smile ,Talk with suspect ,Yes
19-21,Third Year,4,How we handle problems,Yes,No,No,Yes,No one,Fear of being judged,Yes,3,3,2,Listening to music,3,5–6 hours,6–8 hours,Rarely,Listening music and ignoring bad people ,To solve our problem and quarries ,Yes
22-24,Other,5,All of the above,Yes,No,No,Yes,Parents/Family,Fear of being judged,No,5,5,5,Listening to music,5,7–8 hours,2–4 hours,Never,Nothing ,Nothing ,Yes
19-21,Other,3,How we handle problems,Yes,Yes,No,No,No one,Fear of being judged;Family may not understand,Yes,3,3,3,Rest/sleep,3,6–7 hours,4–6 hours,Never,,,
17 - 18,Third Year,5,How we handle problems,Yes,Yes,Yes,No,Parents/Family,Fear of being judged,Yes,4,3,1,Taking a break,5,7–8 hours,Less than 2 hours,Never,Understanding and solving problems easily ,No idea ,Yess 
19-21,Second Year,3,All of the above,Not sure,No,Yes,No,No one,Feeling shy or uncomfortable,Yes,1,1,5,Taking a break,1,More than 8 hours,4–6 hours,Rarely,,,
25-27,Other,5,Emotions;Thoughts and feelings;Relationships with others,Yes,Yes,Yes,No,No one;,Fear of being judged;Family may not understand;Don't know whom to talk to,Yes,5,5,1,Listening to music;Exercise;Rest/sleep;Spending time with friends/family,2,Less than 5 hours,More than 8 hours,5 or more days a week,Depression & Anxiety ,"Noo . 
Teachers do care only about academic career if a person and parents do care only for career , they won't understand what a person is going through ","Talk to self and get motivation through self. Be selfish and love yourself , always keep yourself as priority 
"
19-21,Third Year,3,All of the above,No,No,No,Yes,Parents/Family;Friend,Feeling shy or uncomfortable,No,3,3,3,Talking to someone,3,5–6 hours,Less than 2 hours,Never,.,.,.
17 - 18,Other,1,Thoughts and feelings;Relationships with others;All of the above,Not sure,Not sure,Yes,Yes,Parents/Family;Friend;Teacher,Fear of being judged;Feeling shy or uncomfortable;Nothing makes it difficult,No,3,1,4,Talking to someone;Listening to music;Exercise;Spending time with friends/family,4,More than 8 hours,Less than 2 hours,5 or more days a week,"Yes
","No
",Yes
19-21,Third Year,3,Thoughts and feelings,Yes,Not sure,No,Yes,Friend,Fear of being judged,Yes,3,4,1,Listening to music,5,5–6 hours,2–4 hours,Rarely,.. ,Yes,Yes
19-21,Other,4,All of the above,Yes,Yes,Yes,Yes,Friend,I don't think it is important,Yes,3,4,4,Rest/sleep,5,7–8 hours,6–8 hours,Rarely,,,
22-24,Other,5,All of the above,Yes,Yes,Yes,Yes,Parents/Family;Friend,Fear of being judged;Family may not understand;Feeling shy or uncomfortable;Don't know whom to talk to;I don't think it is important,Yes,5,3,3,Taking a break;Listening to music;Hobbies,3,5–6 hours,2–4 hours,Rarely,,,
22-24,Other,1,All of the above,Yes,No,Yes,Yes,Parents/Family;Friend,Don't know whom to talk to;,No,3,2,2,Exercise,3,6–7 hours,4–6 hours,1–2 days a week,,,
19-21,Third Year,3,Not sure,Yes,Not sure,Not sure,Maybe,Friend,I don't think it is important,Not sure,3,3,3,Exercise,3,5–6 hours,4–6 hours,Rarely,"Good mental health means feeling emotionally balanced, positive, and comfortable with yourself.","I wish parents and teachers understood that students also face stress, pressure, and emotional problems.","Students need more open discussions, awareness programs, and access to counsellors."
17 - 18,Third Year,3,Thoughts and feelings,Yes,Yes,Not sure,Maybe,Parents/Family;Friend,Fear of being judged;Don't know whom to talk to,Yes,3,4,4,Talking to someone;Listening to music;Rest/sleep;Spending time with friends/family,3,6–7 hours,2–4 hours,Rarely,,,
19-21,Other,3,All of the above,Yes,Yes,Yes,Yes,Parents/Family,Fear of being judged,Yes,5,5,5,Talking to someone,4,5–6 hours,Less than 2 hours,1–2 days a week,Having a stree free life or a relax mind set,Yes,Yes 
19-21,Second Year,3,Thoughts and feelings;How we handle problems;Relationships with others,Yes,Yes,No,No,No one,Fear of being judged;Family may not understand;Feeling shy or uncomfortable,Yes,5,5,5,Talking to someone;Taking a break;Listening to music;Hobbies,4,6–7 hours,4–6 hours,Never,,,
22-24,Other,3,Thoughts and feelings,No,Yes,No,No,Parents/Family;,I don't think it is important;,Yes,5,3,3,Listening to music;,5,5–6 hours,4–6 hours,Never,"Good mental health means feeling emotionally balanced, managing stress, and being comfortable talking about problems when needed.","I wish parents and teachers understood that students can face stress, academic pressure, and emotional problems, and sometimes they need support and understanding.","Students need more open discussions, mental-health awareness programs, and easy access to counsellors and support."
22-24,Other,5,Emotions;Thoughts and feelings;How we handle problems;Relationships with others,Yes,Yes,Yes,Yes,No one,Fear of being judged;Family may not understand;Feeling shy or uncomfortable,Yes,3,3,3,Listening to music;Hobbies;Exercise,3,5–6 hours,4–6 hours,1–2 days a week,,,
19-21,Third Year,4,How we handle problems,Yes,Yes,Yes,Yes,No one,Feeling shy or uncomfortable,Yes,4,4,1,Talking to someone,1,5–6 hours,Less than 2 hours,Never,"Good mental health means feeling emotionally balanced, being able to handle stress, and feeling comfortable talking about your problems. It also means having a positive mindset and knowing when to ask for help.","I wish parents and teachers understood that students can feel stressed, anxious, or overwhelmed even when they seem fine. Students need support, understanding, and someone who listens without judging them.","Students need more awareness programs, open discussions, counseling support, and information about how to manage stress and emotions. They should also know that asking for help is normal and there is no shame in it."
17 - 18,Third Year,1,Emotions,Yes,Yes,Yes,Yes,Parents/Family,Fear of being judged,Yes,2,3,3,Hobbies,2,5–6 hours,4–6 hours,1–2 days a week,Peace alone happy with yourself ," To parent  or teacher  Understand a students mental health   what students suffering depression and anxiety  like etc 
Just understand and  motivated how to  . Build yourself concercol motivate  how to  reduce  your  stress 
","Stop overthinking and not think  you are alone to never thought you are week 
Just  think positive 
Improve strength  and improve emotions  Good  health 
Just think improve yourself learn to new skills 
Stay go with goal your  achievement "
19-21,Third Year,5,Thoughts and feelings,Yes,Yes,Yes,No,No one,Feeling shy or uncomfortable,Yes,3,3,4,Rest/sleep,3,6–7 hours,2–4 hours,3–4 days a week,"Good mental health means being able to stay calm, manage stress, think positively, and handle everyday problems while maintaining healthy relationships with others.","I wish parents and teachers understood that students can feel stressed, anxious, or overwhelmed because of studies, exams, and personal problems. Students need support, understanding, and someone who listens to them without judging or pressuring them.","Students need more awareness programs, counseling support, open discussions, and simple information about mental health. They should also have a safe place where they can talk about their problems without fear of judgment."
17 - 18,Third Year,5,Emotions;Thoughts and feelings;How we handle problems;Relationships with others,Yes,Yes,Not sure,Yes,Friend;No one,Fear of being judged;Family may not understand;Feeling shy or uncomfortable;Don't know whom to talk to;I don't think it is important;Nothing makes it difficult,Yes,4,4,3,Listening to music;Hobbies;Rest/sleep,5,5–6 hours,4–6 hours,Rarely,Very important ,No they never understand ,Yes they need most according to me 
19-21,Third Year,3,All of the above,Yes,Yes,No,No,Friend,Fear of being judged;Don't know whom to talk to,Yes,4,3,1,Talking to someone;Taking a break;Rest/sleep,4,6–7 hours,6–8 hours,Never,"It means being emotionally balanced, confident, and comfortable talking about my feelings",I wish they would listen to students without judging them,"
Students need more awareness programs, workshops, and open discussions about mental health"
19-21,Third Year,3,All of the above,Yes,Not sure,Yes,Yes,Friend,I don't think it is important,Not sure,4,4,3,Listening to music,3,5–6 hours,4–6 hours,Rarely,,,
19-21,Second Year,5,Emotions;Thoughts and feelings;Relationships with others,Yes,Yes,Yes,Yes,Parents/Family;Friend,Fear of being judged;Family may not understand;Feeling shy or uncomfortable,Yes,4,4,3,Talking to someone;Taking a break;Listening to music,3,5–6 hours,2–4 hours,Rarely,,,
19-21,Third Year,4,Emotions;Thoughts and feelings;How we handle problems;Relationships with others,Yes,Yes,Yes,Yes,No one,Nothing makes it difficult,No,4,4,4,Listening to music,4,5–6 hours,4–6 hours,Rarely,,,
19-21,Third Year,5,Emotions,Yes,Yes,No,Yes,Parents/Family;Friend,I don't think it is important,Yes,4,4,4,Hobbies;Rest/sleep;Spending time with friends/family,4,6–7 hours,2–4 hours,Rarely,,,
19-21,Second Year,2,Emotions,No,No,No,No,Parents/Family,Fear of being judged,Yes,2,1,1,Talking to someone,1,Less than 5 hours,Less than 2 hours,Rarely,,,
17 - 18,Second Year,1,Emotions,No,No,No,No,Friend,Family may not understand,No,1,3,2,Listening to music,3,Less than 5 hours,6–8 hours,Never,Good nature ,,
22-24,Other,2,How we handle problems,No,Not sure,No,No,Parents/Family,Fear of being judged,No,2,1,2,Listening to music;Rest/sleep,3,Less than 5 hours,Less than 2 hours,Rarely,,,
25-27,Other,1,Thoughts and feelings,No,Not sure,Yes,Yes,Teacher;No one,Fear of being judged,Yes,1,3,2,Listening to music;Exercise,1,7–8 hours,Less than 2 hours,Never,,,No
19-21,Second Year,1,Emotions,No,Yes,No,Yes,Parents/Family,Fear of being judged;Nothing makes it difficult,Yes,2,2,2,Talking to someone,2,7–8 hours,4–6 hours,Rarely,,,
17 - 18,First Year,1,Emotions,No,No,No,No,Teacher;No one,Fear of being judged,Yes,2,2,1,Talking to someone,4,6–7 hours,Less than 2 hours,Never,,,
22-24,Second Year,1,Emotions,No,Yes,No,No,Friend,Feeling shy or uncomfortable,Yes,1,1,1,Listening to music,1,6–7 hours,4–6 hours,1–2 days a week,,,
25-27,Other,1,Thoughts and feelings,No,No,Not sure,No,Parents/Family,Family may not understand,No,4,3,3,Hobbies,1,7–8 hours,4–6 hours,1–2 days a week,,,
19-21,Second Year,2,Thoughts and feelings,Yes,No,Yes,No,Parents/Family,Feeling shy or uncomfortable,Yes,1,1,1,Hobbies,1,5–6 hours,Less than 2 hours,Never,,,
17 - 18,Second Year,4,Thoughts and feelings,No,No,Yes,Yes,Counsellor,Fear of being judged,No,2,1,1,Taking a break,1,Less than 5 hours,4–6 hours,3–4 days a week,,,
22-24,Third Year,4,Relationships with others,No,No,No,Yes,Friend,Fear of being judged,No,3,2,1,Talking to someone;Spending time with friends/family,1,5–6 hours,2–4 hours,3–4 days a week,,,
19-21,Second Year,2,Thoughts and feelings;How we handle problems,No,No,No,Yes,Friend,Feeling shy or uncomfortable;I don't think it is important;Nothing makes it difficult,Yes,1,1,1,Taking a break;Exercise,4,7–8 hours,Less than 2 hours,Rarely,,,
19-21,Second Year,2,Thoughts and feelings,No,No,Yes,No,Teacher,Fear of being judged;Family may not understand,Not sure,4,2,3,Taking a break,2,Less than 5 hours,Less than 2 hours,1–2 days a week,,,
22-24,Second Year,4,How we handle problems,No,No,No,No,Friend,Fear of being judged;Family may not understand,No,1,1,1,Listening to music,1,Less than 5 hours,4–6 hours,1–2 days a week,,,
19-21,Second Year,2,Thoughts and feelings,No,No,No,Yes,Parents/Family;Friend;Teacher;,Fear of being judged;Family may not understand;I don't think it is important,No,2,3,3,Talking to someone,1,5–6 hours,4–6 hours,1–2 days a week,,,
19-21,Second Year,5,Emotions;Relationships with others,Yes,Yes,Yes,Yes,No one,Fear of being judged;Family may not understand;Don't know whom to talk to,Yes,5,5,5,Listening to music,5,5–6 hours,4–6 hours,1–2 days a week,,,
17 - 18,First Year,5,Emotions;How we handle problems;Not sure,Yes,Yes,Yes,Yes,Parents/Family,Family may not understand,Yes,5,4,4,Talking to someone;Listening to music;Hobbies,4,6–7 hours,4–6 hours,Rarely,,,
22-24,Third Year,5,Emotions;Relationships with others,Not sure,Not sure,Not sure,No,Friend,Fear of being judged;Family may not understand;Feeling shy or uncomfortable;Don't know whom to talk to;I don't think it is important,Yes,4,3,5,Rest/sleep;Spending time with friends/family,4,6–7 hours,2–4 hours,Never,,,
19-21,Second Year,4,Not sure,Yes,Not sure,Yes,Maybe,Friend,Fear of being judged;Family may not understand;Feeling shy or uncomfortable;I don't think it is important;Nothing makes it difficult,Yes,5,5,5,Taking a break;Hobbies;Rest/sleep,5,6–7 hours,More than 8 hours,5 or more days a week,,,
19-21,Third Year,5,Emotions;How we handle problems;Relationships with others,Yes,Yes,Yes,Yes,No one,Fear of being judged;Family may not understand;Feeling shy or uncomfortable;I don't think it is important,Yes,5,5,5,Listening to music;Hobbies;Rest/sleep,5,6–7 hours,2–4 hours,Rarely,,,
19-21,Third Year,4,All of the above,Yes,Yes,Not sure,Yes,Friend,Fear of being judged;Family may not understand;Feeling shy or uncomfortable;Don't know whom to talk to,Yes,4,3,3,Hobbies;Rest/sleep,3,5–6 hours,6–8 hours,Rarely,,,
19-21,Third Year,3,Thoughts and feelings,Yes,Yes,Yes,No,No one,Fear of being judged,Yes,4,4,1,Rest/sleep,1,6–7 hours,More than 8 hours,Never,Nope,,
22-24,Third Year,4,Thoughts and feelings,Yes,Yes,Yes,Yes,Friend,Fear of being judged,Yes,2,3,4,Taking a break;Hobbies,4,7–8 hours,4–6 hours,1–2 days a week,,,
17 - 18,Third Year,3,Thoughts and feelings,Yes,Yes,No,Maybe,Parents/Family,Don't know whom to talk to,Yes,3,2,4,Spending time with friends/family,4,7–8 hours,4–6 hours,Rarely,Mental health gives peaceful life,Teachers must understand the mental health of students ,Yes students should be aware of mental awareness 
22-24,Third Year,5,Not sure,Yes,Yes,Yes,Yes,Parents/Family;Friend,Fear of being judged;Family may not understand;Feeling shy or uncomfortable;Don't know whom to talk to,Yes,5,5,5,Talking to someone;Listening to music;Hobbies;Exercise,5,5–6 hours,2–4 hours,Rarely,,,
19-21,Second Year,4,Emotions;Thoughts and feelings;Relationships with others,Yes,Yes,Yes,Yes,Parents/Family,Fear of being judged;Feeling shy or uncomfortable;Don't know whom to talk to,Yes,5,4,4,Talking to someone;Listening to music;Hobbies;Exercise,5,6–7 hours,4–6 hours,3–4 days a week,,,
17 - 18,First Year,4,Emotions;Thoughts and feelings;Relationships with others,Not sure,Not sure,Not sure,Maybe,Parents/Family,Family may not understand;Nothing makes it difficult,Not sure,4,4,4,Talking to someone;Listening to music;Hobbies,4,5–6 hours,4–6 hours,Never,,,
19-21,Second Year,3,Emotions,Not sure,Not sure,Not sure,Maybe,Friend,Don't know whom to talk to;I don't think it is important;Nothing makes it difficult,Not sure,3,4,4,Listening to music;Hobbies,4,5–6 hours,4–6 hours,Never,,,
22-24,Third Year,5,Emotions;Thoughts and feelings;How we handle problems;Relationships with others;Not sure,Yes,Yes,Yes,Yes,Parents/Family;Friend,Fear of being judged;Family may not understand;Feeling shy or uncomfortable,Yes,4,5,5,Taking a break;Listening to music;Hobbies;Rest/sleep,5,6–7 hours,4–6 hours,Never,,,
19-21,Second Year,4,Relationships with others,Yes,Not sure,Not sure,Maybe,Parents/Family;Friend,Don't know whom to talk to;I don't think it is important;Nothing makes it difficult,Not sure,4,4,4,Spending time with friends/family,5,6–7 hours,6–8 hours,Never,,,
22-24,Other,5,Emotions;Thoughts and feelings;How we handle problems;Relationships with others,Yes,Yes,Yes,Yes,Parents/Family;Friend,Fear of being judged;Family may not understand;Feeling shy or uncomfortable;Don't know whom to talk to,Yes,5,5,5,Talking to someone;Taking a break;Listening to music;Hobbies;Exercise;Rest/sleep,5,5–6 hours,4–6 hours,Never,,,
19-21,Third Year,5,Emotions;Thoughts and feelings,Yes,Yes,Yes,Yes,Parents/Family;Friend,Fear of being judged;Family may not understand;Feeling shy or uncomfortable;Nothing makes it difficult,Yes,5,5,5,Taking a break;Listening to music;Hobbies;Rest/sleep;Spending time with friends/family,5,6–7 hours,4–6 hours,Never,,,
22-24,Other,5,Emotions;Thoughts and feelings;How we handle problems;Relationships with others,Yes,Yes,Yes,Yes,Parents/Family;Friend,Fear of being judged;Family may not understand,Yes,5,5,5,Taking a break;Listening to music;Hobbies;Exercise;Rest/sleep;Spending time with friends/family,5,7–8 hours,4–6 hours,Never,,,
19-21,Second Year,5,Emotions;Thoughts and feelings;How we handle problems;Relationships with others,Yes,Yes,Yes,Yes,Parents/Family;Friend,Fear of being judged;Family may not understand;Feeling shy or uncomfortable,Yes,5,5,5,Taking a break;Listening to music;Spending time with friends/family,5,5–6 hours,4–6 hours,Never,,,
19-21,Second Year,5,Emotions;Thoughts and feelings;Relationships with others,Yes,Yes,Yes,Yes,Parents/Family;Friend,Fear of being judged;Family may not understand,Yes,5,5,4,Spending time with friends/family,5,6–7 hours,2–4 hours,Never,,,
22-24,Other,5,Emotions,Yes,Yes,Yes,Yes,Friend,Fear of being judged;Family may not understand,Yes,4,4,4,Rest/sleep;Spending time with friends/family,4,6–7 hours,2–4 hours,Never,,,
19-21,Second Year,4,Relationships with others,Yes,Yes,Yes,Yes,Parents/Family;Friend,Fear of being judged;Family may not understand,Yes,5,5,5,Taking a break;Spending time with friends/family,5,6–7 hours,4–6 hours,Never,,,
22-24,Other,5,Relationships with others,Yes,Yes,Yes,Yes,Parents/Family,Family may not understand,Yes,5,5,5,Taking a break;Listening to music;Spending time with friends/family,5,6–7 hours,2–4 hours,Rarely,,,
19-21,Third Year,5,Relationships with others,Yes,Yes,Yes,Yes,Friend,Fear of being judged;Family may not understand,Yes,5,5,5,Taking a break;Rest/sleep;Spending time with friends/family,5,6–7 hours,4–6 hours,Never,,,
22-24,Other,5,Emotions;Thoughts and feelings;Relationships with others,Yes,Yes,Yes,Yes,Friend,Family may not understand;Feeling shy or uncomfortable,Yes,5,5,5,Rest/sleep;Spending time with friends/family,5,5–6 hours,2–4 hours,Never,,,
22-24,Other,5,Relationships with others;Not sure,Yes,Yes,Yes,Yes,Parents/Family,Family may not understand;Feeling shy or uncomfortable,Yes,5,5,5,Talking to someone;Taking a break;Listening to music;Hobbies;Exercise;Spending time with friends/family,5,6–7 hours,2–4 hours,Never,,,
19-21,Third Year,5,Thoughts and feelings,Yes,Yes,Yes,Yes,Friend,Fear of being judged;Family may not understand,Yes,5,5,5,Rest/sleep;Spending time with friends/family,5,6–7 hours,2–4 hours,Never,,,
22-24,Other,5,Thoughts and feelings;Relationships with others,Yes,Yes,Yes,Yes,Parents/Family;Friend,Fear of being judged;Family may not understand,Yes,5,5,3,Hobbies;Spending time with friends/family,2,5–6 hours,4–6 hours,Never,,,
19-21,Third Year,3,Not sure,Not sure,Not sure,Not sure,Maybe,Parents/Family;Friend,Don't know whom to talk to;I don't think it is important;Nothing makes it difficult,Not sure,4,4,3,Spending time with friends/family,5,6–7 hours,4–6 hours,Never,,,
